<?xml version="1.0" encoding="UTF-8"?>
<beans xmlns="http://www.springframework.org/schema/beans"
	xmlns:xsi="http://www.w3.org/2001/XMLSchema-instance" xmlns:context="http://www.springframework.org/schema/context"
	xmlns:tx="http://www.springframework.org/schema/tx"
	xsi:schemaLocation="http://www.springframework.org/schema/beans http://www.springframework.org/schema/beans/spring-beans.xsd
		http://www.springframework.org/schema/context http://www.springframework.org/schema/context/spring-context-4.0.xsd
		http://www.springframework.org/schema/tx http://www.springframework.org/schema/tx/spring-tx-4.0.xsd">

	<!-- Enable Annotation based Declarative Transaction Management -->

  <bean id="modelService" class="com.doublechaintech.his.ModelService"/>
	<bean id="hikariConfig" class="com.zaxxer.hikari.HikariConfig">
  	  <property name="poolName" value="his_connection_pool" />
  	  <property name="dataSourceClassName" value="${app.database.dataSourceClassName}"/>
  	  <property name="maximumPoolSize" value="10" />
  	  <property name="maxLifetime" value="60000" />
  	  <property name="idleTimeout" value="30000" />
  	  <property name="dataSourceProperties">
  	   <props>
  	     <prop key="url">${app.database.jdbcURL}</prop>
  	     <prop key="user">${app.database.username}</prop>
  	     <prop key="password">${app.database.password}</prop>
  	   </props>
  	  </property>
  	</bean>


	<!-- dbcp 2.6 https://commons.apache.org/proper/commons-dbcp/configuration.html
	<bean id="hikariConfig" class="com.zaxxer.hikari.HikariConfig">
	  <property name="poolName" value="his_connection_pool" />
	  <property name="dataSourceClassName" value="${app.database.dataSourceClassName}"/>
	  <property name="maximumPoolSize" value="10" />
	  <property name="maxLifetime" value="60000" />
	  <property name="idleTimeout" value="30000" />
	  <property name="dataSourceProperties">
	   <props>
	     <prop key="url">${app.database.jdbcURL}</prop>
	     <prop key="user">${app.database.username}</prop>
	     <prop key="password">${app.database.password}</prop>
	     <prop key="prepStmtCacheSize">250</prop>
	     <prop key="prepStmtCacheSqlLimit">2048</prop>
	     <prop key="cachePrepStmts">true</prop>
	     <prop key="useServerPrepStmts">true</prop>
	   </props>
	  </property>
	</bean>
	-->

	<bean id="dataSource" class="com.zaxxer.hikari.HikariDataSource" destroy-method="close">
	  <constructor-arg ref="hikariConfig" />
	</bean>


	<bean id="hospitalDAOBase" class="com.doublechaintech.his.hospital.HospitalJDBCTemplateDAO">
		<property name="dataSource" ref="dataSource" />
		<property name="expenseTypeDAO" ref="expenseTypeDAO" />
		
		<property name="periodDAO" ref="periodDAO" />
		
		<property name="expenseItemDAO" ref="expenseItemDAO" />
		
		<property name="doctorDAO" ref="doctorDAO" />
		
		<property name="departmentDAO" ref="departmentDAO" />
		
		<property name="doctorScheduleDAO" ref="doctorScheduleDAO" />
		
	</bean>
	<bean id="hospitalDAO" parent="hospitalDAOBase"></bean>
	

	<bean id="expenseTypeDAOBase" class="com.doublechaintech.his.expensetype.ExpenseTypeJDBCTemplateDAO">
		<property name="dataSource" ref="dataSource" /><property name="hospitalDAO" ref="hospitalDAO" />
		<property name="expenseItemDAO" ref="expenseItemDAO" />
		
		<property name="doctorScheduleDAO" ref="doctorScheduleDAO" />
		
	</bean>
	<bean id="expenseTypeDAO" parent="expenseTypeDAOBase"></bean>
	

	<bean id="periodDAOBase" class="com.doublechaintech.his.period.PeriodJDBCTemplateDAO">
		<property name="dataSource" ref="dataSource" /><property name="hospitalDAO" ref="hospitalDAO" />
		<property name="doctorScheduleDAO" ref="doctorScheduleDAO" />
		
	</bean>
	<bean id="periodDAO" parent="periodDAOBase"></bean>
	

	<bean id="expenseItemDAOBase" class="com.doublechaintech.his.expenseitem.ExpenseItemJDBCTemplateDAO">
		<property name="dataSource" ref="dataSource" /><property name="hospitalDAO" ref="hospitalDAO" /><property name="expenseTypeDAO" ref="expenseTypeDAO" />
	</bean>
	<bean id="expenseItemDAO" parent="expenseItemDAOBase"></bean>
	

	<bean id="doctorDAOBase" class="com.doublechaintech.his.doctor.DoctorJDBCTemplateDAO">
		<property name="dataSource" ref="dataSource" /><property name="hospitalDAO" ref="hospitalDAO" />
		<property name="doctorAssignmentDAO" ref="doctorAssignmentDAO" />
		
		<property name="doctorScheduleDAO" ref="doctorScheduleDAO" />
		
	</bean>
	<bean id="doctorDAO" parent="doctorDAOBase"></bean>
	

	<bean id="departmentDAOBase" class="com.doublechaintech.his.department.DepartmentJDBCTemplateDAO">
		<property name="dataSource" ref="dataSource" /><property name="hospitalDAO" ref="hospitalDAO" />
		<property name="doctorAssignmentDAO" ref="doctorAssignmentDAO" />
		
		<property name="doctorScheduleDAO" ref="doctorScheduleDAO" />
		
	</bean>
	<bean id="departmentDAO" parent="departmentDAOBase"></bean>
	

	<bean id="doctorAssignmentDAOBase" class="com.doublechaintech.his.doctorassignment.DoctorAssignmentJDBCTemplateDAO">
		<property name="dataSource" ref="dataSource" /><property name="doctorDAO" ref="doctorDAO" /><property name="departmentDAO" ref="departmentDAO" />
	</bean>
	<bean id="doctorAssignmentDAO" parent="doctorAssignmentDAOBase"></bean>
	

	<bean id="doctorScheduleDAOBase" class="com.doublechaintech.his.doctorschedule.DoctorScheduleJDBCTemplateDAO">
		<property name="dataSource" ref="dataSource" /><property name="periodDAO" ref="periodDAO" /><property name="doctorDAO" ref="doctorDAO" /><property name="hospitalDAO" ref="hospitalDAO" /><property name="expenseTypeDAO" ref="expenseTypeDAO" /><property name="departmentDAO" ref="departmentDAO" />
	</bean>
	<bean id="doctorScheduleDAO" parent="doctorScheduleDAOBase"></bean>
	

	<bean id="mobileAppDAOBase" class="com.doublechaintech.his.mobileapp.MobileAppJDBCTemplateDAO">
		<property name="dataSource" ref="dataSource" />
		<property name="pageDAO" ref="pageDAO" />
		
		<property name="pageTypeDAO" ref="pageTypeDAO" />
		
	</bean>
	<bean id="mobileAppDAO" parent="mobileAppDAOBase"></bean>
	

	<bean id="pageDAOBase" class="com.doublechaintech.his.page.PageJDBCTemplateDAO">
		<property name="dataSource" ref="dataSource" /><property name="pageTypeDAO" ref="pageTypeDAO" /><property name="mobileAppDAO" ref="mobileAppDAO" />
		<property name="slideDAO" ref="slideDAO" />
		
		<property name="uiActionDAO" ref="uiActionDAO" />
		
	</bean>
	<bean id="pageDAO" parent="pageDAOBase"></bean>
	

	<bean id="pageTypeDAOBase" class="com.doublechaintech.his.pagetype.PageTypeJDBCTemplateDAO">
		<property name="dataSource" ref="dataSource" /><property name="mobileAppDAO" ref="mobileAppDAO" />
		<property name="pageDAO" ref="pageDAO" />
		
	</bean>
	<bean id="pageTypeDAO" parent="pageTypeDAOBase"></bean>
	

	<bean id="slideDAOBase" class="com.doublechaintech.his.slide.SlideJDBCTemplateDAO">
		<property name="dataSource" ref="dataSource" /><property name="pageDAO" ref="pageDAO" />
	</bean>
	<bean id="slideDAO" parent="slideDAOBase"></bean>
	

	<bean id="uiActionDAOBase" class="com.doublechaintech.his.uiaction.UiActionJDBCTemplateDAO">
		<property name="dataSource" ref="dataSource" /><property name="pageDAO" ref="pageDAO" />
	</bean>
	<bean id="uiActionDAO" parent="uiActionDAOBase"></bean>
	

	<bean id="sectionDAOBase" class="com.doublechaintech.his.section.SectionJDBCTemplateDAO">
		<property name="dataSource" ref="dataSource" />
	</bean>
	<bean id="sectionDAO" parent="sectionDAOBase"></bean>
	

	<bean id="userDomainDAOBase" class="com.doublechaintech.his.userdomain.UserDomainJDBCTemplateDAO">
		<property name="dataSource" ref="dataSource" />
		<property name="userWhiteListDAO" ref="userWhiteListDAO" />
		
		<property name="secUserDAO" ref="secUserDAO" />
		
	</bean>
	<bean id="userDomainDAO" parent="userDomainDAOBase"></bean>
	

	<bean id="userWhiteListDAOBase" class="com.doublechaintech.his.userwhitelist.UserWhiteListJDBCTemplateDAO">
		<property name="dataSource" ref="dataSource" /><property name="userDomainDAO" ref="userDomainDAO" />
	</bean>
	<bean id="userWhiteListDAO" parent="userWhiteListDAOBase"></bean>
	

	<bean id="secUserDAOBase" class="com.doublechaintech.his.secuser.SecUserJDBCTemplateDAO">
		<property name="dataSource" ref="dataSource" /><property name="userDomainDAO" ref="userDomainDAO" />
		<property name="userAppDAO" ref="userAppDAO" />
		
		<property name="loginHistoryDAO" ref="loginHistoryDAO" />
		
		<property name="wechatWorkappIdentifyDAO" ref="wechatWorkappIdentifyDAO" />
		
		<property name="wechatMiniappIdentifyDAO" ref="wechatMiniappIdentifyDAO" />
		
	</bean>
	<bean id="secUserDAO" parent="secUserDAOBase"></bean>
	

	<bean id="userAppDAOBase" class="com.doublechaintech.his.userapp.UserAppJDBCTemplateDAO">
		<property name="dataSource" ref="dataSource" /><property name="secUserDAO" ref="secUserDAO" />
		<property name="quickLinkDAO" ref="quickLinkDAO" />
		
		<property name="listAccessDAO" ref="listAccessDAO" />
		
		<property name="objectAccessDAO" ref="objectAccessDAO" />
		
	</bean>
	<bean id="userAppDAO" parent="userAppDAOBase"></bean>
	

	<bean id="quickLinkDAOBase" class="com.doublechaintech.his.quicklink.QuickLinkJDBCTemplateDAO">
		<property name="dataSource" ref="dataSource" /><property name="userAppDAO" ref="userAppDAO" />
	</bean>
	<bean id="quickLinkDAO" parent="quickLinkDAOBase"></bean>
	

	<bean id="listAccessDAOBase" class="com.doublechaintech.his.listaccess.ListAccessJDBCTemplateDAO">
		<property name="dataSource" ref="dataSource" /><property name="userAppDAO" ref="userAppDAO" />
	</bean>
	<bean id="listAccessDAO" parent="listAccessDAOBase"></bean>
	

	<bean id="objectAccessDAOBase" class="com.doublechaintech.his.objectaccess.ObjectAccessJDBCTemplateDAO">
		<property name="dataSource" ref="dataSource" /><property name="userAppDAO" ref="userAppDAO" />
	</bean>
	<bean id="objectAccessDAO" parent="objectAccessDAOBase"></bean>
	

	<bean id="loginHistoryDAOBase" class="com.doublechaintech.his.loginhistory.LoginHistoryJDBCTemplateDAO">
		<property name="dataSource" ref="dataSource" /><property name="secUserDAO" ref="secUserDAO" />
	</bean>
	<bean id="loginHistoryDAO" parent="loginHistoryDAOBase"></bean>
	

	<bean id="genericFormDAOBase" class="com.doublechaintech.his.genericform.GenericFormJDBCTemplateDAO">
		<property name="dataSource" ref="dataSource" />
		<property name="formMessageDAO" ref="formMessageDAO" />
		
		<property name="formFieldMessageDAO" ref="formFieldMessageDAO" />
		
		<property name="formFieldDAO" ref="formFieldDAO" />
		
		<property name="formActionDAO" ref="formActionDAO" />
		
	</bean>
	<bean id="genericFormDAO" parent="genericFormDAOBase"></bean>
	

	<bean id="formMessageDAOBase" class="com.doublechaintech.his.formmessage.FormMessageJDBCTemplateDAO">
		<property name="dataSource" ref="dataSource" /><property name="genericFormDAO" ref="genericFormDAO" />
	</bean>
	<bean id="formMessageDAO" parent="formMessageDAOBase"></bean>
	

	<bean id="formFieldMessageDAOBase" class="com.doublechaintech.his.formfieldmessage.FormFieldMessageJDBCTemplateDAO">
		<property name="dataSource" ref="dataSource" /><property name="genericFormDAO" ref="genericFormDAO" />
	</bean>
	<bean id="formFieldMessageDAO" parent="formFieldMessageDAOBase"></bean>
	

	<bean id="formFieldDAOBase" class="com.doublechaintech.his.formfield.FormFieldJDBCTemplateDAO">
		<property name="dataSource" ref="dataSource" /><property name="genericFormDAO" ref="genericFormDAO" />
	</bean>
	<bean id="formFieldDAO" parent="formFieldDAOBase"></bean>
	

	<bean id="formActionDAOBase" class="com.doublechaintech.his.formaction.FormActionJDBCTemplateDAO">
		<property name="dataSource" ref="dataSource" /><property name="genericFormDAO" ref="genericFormDAO" />
	</bean>
	<bean id="formActionDAO" parent="formActionDAOBase"></bean>
	

	<bean id="candidateContainerDAOBase" class="com.doublechaintech.his.candidatecontainer.CandidateContainerJDBCTemplateDAO">
		<property name="dataSource" ref="dataSource" />
		<property name="candidateElementDAO" ref="candidateElementDAO" />
		
	</bean>
	<bean id="candidateContainerDAO" parent="candidateContainerDAOBase"></bean>
	

	<bean id="candidateElementDAOBase" class="com.doublechaintech.his.candidateelement.CandidateElementJDBCTemplateDAO">
		<property name="dataSource" ref="dataSource" /><property name="candidateContainerDAO" ref="candidateContainerDAO" />
	</bean>
	<bean id="candidateElementDAO" parent="candidateElementDAOBase"></bean>
	

	<bean id="wechatWorkappIdentifyDAOBase" class="com.doublechaintech.his.wechatworkappidentify.WechatWorkappIdentifyJDBCTemplateDAO">
		<property name="dataSource" ref="dataSource" /><property name="secUserDAO" ref="secUserDAO" />
	</bean>
	<bean id="wechatWorkappIdentifyDAO" parent="wechatWorkappIdentifyDAOBase"></bean>
	

	<bean id="wechatMiniappIdentifyDAOBase" class="com.doublechaintech.his.wechatminiappidentify.WechatMiniappIdentifyJDBCTemplateDAO">
		<property name="dataSource" ref="dataSource" /><property name="secUserDAO" ref="secUserDAO" />
	</bean>
	<bean id="wechatMiniappIdentifyDAO" parent="wechatMiniappIdentifyDAOBase"></bean>
	

	<bean id="treeNodeDAOBase" class="com.doublechaintech.his.treenode.TreeNodeJDBCTemplateDAO">
		<property name="dataSource" ref="dataSource" />
	</bean>
	<bean id="treeNodeDAO" parent="treeNodeDAOBase"></bean>
	


	<bean id="DAOGroupBase" class="com.doublechaintech.his.DAOGroup">
		<property name="hospitalDAO" ref="hospitalDAO"/>
		<property name="expenseTypeDAO" ref="expenseTypeDAO"/>
		<property name="periodDAO" ref="periodDAO"/>
		<property name="expenseItemDAO" ref="expenseItemDAO"/>
		<property name="doctorDAO" ref="doctorDAO"/>
		<property name="departmentDAO" ref="departmentDAO"/>
		<property name="doctorAssignmentDAO" ref="doctorAssignmentDAO"/>
		<property name="doctorScheduleDAO" ref="doctorScheduleDAO"/>
		<property name="mobileAppDAO" ref="mobileAppDAO"/>
		<property name="pageDAO" ref="pageDAO"/>
		<property name="pageTypeDAO" ref="pageTypeDAO"/>
		<property name="slideDAO" ref="slideDAO"/>
		<property name="uiActionDAO" ref="uiActionDAO"/>
		<property name="sectionDAO" ref="sectionDAO"/>
		<property name="userDomainDAO" ref="userDomainDAO"/>
		<property name="userWhiteListDAO" ref="userWhiteListDAO"/>
		<property name="secUserDAO" ref="secUserDAO"/>
		<property name="userAppDAO" ref="userAppDAO"/>
		<property name="quickLinkDAO" ref="quickLinkDAO"/>
		<property name="listAccessDAO" ref="listAccessDAO"/>
		<property name="objectAccessDAO" ref="objectAccessDAO"/>
		<property name="loginHistoryDAO" ref="loginHistoryDAO"/>
		<property name="genericFormDAO" ref="genericFormDAO"/>
		<property name="formMessageDAO" ref="formMessageDAO"/>
		<property name="formFieldMessageDAO" ref="formFieldMessageDAO"/>
		<property name="formFieldDAO" ref="formFieldDAO"/>
		<property name="formActionDAO" ref="formActionDAO"/>
		<property name="candidateContainerDAO" ref="candidateContainerDAO"/>
		<property name="candidateElementDAO" ref="candidateElementDAO"/>
		<property name="wechatWorkappIdentifyDAO" ref="wechatWorkappIdentifyDAO"/>
		<property name="wechatMiniappIdentifyDAO" ref="wechatMiniappIdentifyDAO"/>
		<property name="treeNodeDAO" ref="treeNodeDAO"/>
	</bean>
	<bean id="DAOGroup" parent="DAOGroupBase"></bean>
</beans>




<!--

	各种候选配置，可以选择你更为熟悉的类型
	Creating TransactionManager Bean, since JDBC we are creating of type
		DataSourceTransactionManager

		<bean id="hikariConfig" class="com.zaxxer.hikari.HikariConfig">
	  <property name="poolName" value="mercatus_connection_pool" />
	  <property name="dataSourceClassName" value="com.mysql.cj.jdbc.MysqlDataSource"/>
	  <property name="maximumPoolSize" value="50" />
	  <property name="maxLifetime" value="60000" />
	  <property name="idleTimeout" value="30000" />
	  <property name="dataSourceProperties">
	   <props>
	     <prop key="url">${app.database.jdbcURL}</prop>
	     <prop key="user">${app.database.username}</prop>
	     <prop key="password">${app.database.password}</prop>
	     <prop key="prepStmtCacheSize">250</prop>
	     <prop key="prepStmtCacheSqlLimit">2048</prop>
	     <prop key="cachePrepStmts">true</prop>
	     <prop key="useServerPrepStmts">true</prop>
	   </props>
	  </property>
	</bean>

	<bean id="dataSource" class="org.apache.commons.dbcp2.BasicDataSource" destroy-method="close" >

		<property name="url" value="${app.database.jdbcURL}" />
		<property name="username" value="${app.database.username}" />
		<property name="password" value="${app.database.password}" />
		<property name="driverClassName" value="${app.database.driverClass}" />
		<property name="initialSize" value="${app.database.pool.initialSize}" />
		<property name="maxTotal" value="${app.database.pool.maxActive}" />

		<property name="testOnBorrow" value="true" />
		<property name="testWhileIdle" value="true" />
		<property name="validationQuery" value="SELECT 1 from sec_user_data" />
		<property name="removeAbandonedTimeout" value="55" />
		<property name="removeAbandonedOnBorrow" value="true"/>

	</bean>

	<bean id="dataSource" class="com.mchange.v2.c3p0.ComboPooledDataSource" destroy-method="close" >

		<property name="jdbcUrl" value="${app.database.jdbcURL}" />
		<property name="user" value="${app.database.username}" />
		<property name="password" value="${app.database.password}" />
		<property name="driverClass" value="${app.database.driverClass}" />

  		<property name="minPoolSize" value="10"/>
  		<property name="maxPoolSize" value="50"/>
  		<property name="acquireIncrement" value="1"/>
  		<property name="idleConnectionTestPeriod" value="1000"/>
  		<property name="maxStatements" value="250"/>
  		<property name="checkoutTimeout" value="60000"/>
  		<property name="initialPoolSize" value="10" />

	</bean>


	<bean id="hikariConfig" class="com.zaxxer.hikari.HikariConfig">
	  <property name="poolName" value="mercatus_connection_pool" />
	  <property name="dataSourceClassName" value="${app.database.dataSourceClassName}"/>
	  <property name="maximumPoolSize" value="50" />
	  <property name="maxLifetime" value="60000" />
	  <property name="idleTimeout" value="30000" />
	  <property name="dataSourceProperties">
	   <props>
	     <prop key="url">${app.database.jdbcURL}</prop>
	     <prop key="user">${app.database.username}</prop>
	     <prop key="password">${app.database.password}</prop>
	     <prop key="prepStmtCacheSize">250</prop>
	     <prop key="prepStmtCacheSqlLimit">2048</prop>
	     <prop key="cachePrepStmts">true</prop>
	     <prop key="useServerPrepStmts">true</prop>
	   </props>
	  </property>
	</bean>
	<bean id="dataSource" class="com.zaxxer.hikari.HikariDataSource" destroy-method="close">
	  <constructor-arg ref="hikariConfig" />
	</bean>


-->


















