<?xml version="1.0" encoding="UTF-8"?>
<beans xmlns="http://www.springframework.org/schema/beans"
	xmlns:xsi="http://www.w3.org/2001/XMLSchema-instance" xmlns:context="http://www.springframework.org/schema/context"
	xmlns:tx="http://www.springframework.org/schema/tx"
	xsi:schemaLocation="http://www.springframework.org/schema/beans http://www.springframework.org/schema/beans/spring-beans.xsd
		http://www.springframework.org/schema/context http://www.springframework.org/schema/context/spring-context-4.0.xsd
		http://www.springframework.org/schema/tx http://www.springframework.org/schema/tx/spring-tx-4.0.xsd">

	<bean id="checker" class="com.doublechaintech.his.HisObjectChecker" scope="prototype"></bean>

	<bean id="hospitalManagerBase" class="com.doublechaintech.his.hospital.HospitalManagerImpl"/>
	<bean id="hospitalManager" class="com.doublechaintech.his.hospital.HospitalCustomManagerImpl" parent="hospitalManagerBase" ></bean>
	
	<bean id="expenseTypeManagerBase" class="com.doublechaintech.his.expensetype.ExpenseTypeManagerImpl"/>
	<bean id="expenseTypeManager" class="com.doublechaintech.his.expensetype.ExpenseTypeCustomManagerImpl" parent="expenseTypeManagerBase" ></bean>
	
	<bean id="periodManagerBase" class="com.doublechaintech.his.period.PeriodManagerImpl"/>
	<bean id="periodManager" class="com.doublechaintech.his.period.PeriodManagerImpl" parent="periodManagerBase" ></bean>
	
	<bean id="expenseItemManagerBase" class="com.doublechaintech.his.expenseitem.ExpenseItemManagerImpl"/>
	<bean id="expenseItemManager" class="com.doublechaintech.his.expenseitem.ExpenseItemManagerImpl" parent="expenseItemManagerBase" ></bean>
	
	<bean id="doctorManagerBase" class="com.doublechaintech.his.doctor.DoctorManagerImpl"/>
	<bean id="doctorManager" class="com.doublechaintech.his.doctor.DoctorCustomManagerImpl" parent="doctorManagerBase" ></bean>
	
	<bean id="departmentManagerBase" class="com.doublechaintech.his.department.DepartmentManagerImpl"/>
	<bean id="departmentManager" class="com.doublechaintech.his.department.DepartmentCustomManagerImpl" parent="departmentManagerBase" ></bean>
	
	<bean id="doctorAssignmentManagerBase" class="com.doublechaintech.his.doctorassignment.DoctorAssignmentManagerImpl"/>
	<bean id="doctorAssignmentManager" class="com.doublechaintech.his.doctorassignment.DoctorAssignmentManagerImpl" parent="doctorAssignmentManagerBase" ></bean>
	
	<bean id="doctorScheduleManagerBase" class="com.doublechaintech.his.doctorschedule.DoctorScheduleManagerImpl"/>
	<bean id="doctorScheduleManager" class="com.doublechaintech.his.doctorschedule.DoctorScheduleManagerImpl" parent="doctorScheduleManagerBase" ></bean>
	
	<bean id="mobileAppManagerBase" class="com.doublechaintech.his.mobileapp.MobileAppManagerImpl"/>
	<bean id="mobileAppManager" class="com.doublechaintech.his.mobileapp.MobileAppCustomManagerImpl" parent="mobileAppManagerBase" ></bean>
	
	<bean id="pageManagerBase" class="com.doublechaintech.his.page.PageManagerImpl"/>
	<bean id="pageManager" class="com.doublechaintech.his.page.PageCustomManagerImpl" parent="pageManagerBase" ></bean>
	
	<bean id="pageTypeManagerBase" class="com.doublechaintech.his.pagetype.PageTypeManagerImpl"/>
	<bean id="pageTypeManager" class="com.doublechaintech.his.pagetype.PageTypeManagerImpl" parent="pageTypeManagerBase" ></bean>
	
	<bean id="slideManagerBase" class="com.doublechaintech.his.slide.SlideManagerImpl"/>
	<bean id="slideManager" class="com.doublechaintech.his.slide.SlideManagerImpl" parent="slideManagerBase" ></bean>
	
	<bean id="uiActionManagerBase" class="com.doublechaintech.his.uiaction.UiActionManagerImpl"/>
	<bean id="uiActionManager" class="com.doublechaintech.his.uiaction.UiActionManagerImpl" parent="uiActionManagerBase" ></bean>
	
	<bean id="sectionManagerBase" class="com.doublechaintech.his.section.SectionManagerImpl"/>
	<bean id="sectionManager" class="com.doublechaintech.his.section.SectionCustomManagerImpl" parent="sectionManagerBase" ></bean>
	
	<bean id="userDomainManagerBase" class="com.doublechaintech.his.userdomain.UserDomainManagerImpl"/>
	<bean id="userDomainManager" class="com.doublechaintech.his.userdomain.UserDomainCustomManagerImpl" parent="userDomainManagerBase" ></bean>
	
	<bean id="userWhiteListManagerBase" class="com.doublechaintech.his.userwhitelist.UserWhiteListManagerImpl"/>
	<bean id="userWhiteListManager" class="com.doublechaintech.his.userwhitelist.UserWhiteListManagerImpl" parent="userWhiteListManagerBase" ></bean>
	
	<bean id="secUserManagerBase" class="com.doublechaintech.his.secuser.SecUserManagerImpl"/>
	<bean id="secUserManager" class="com.doublechaintech.his.secuser.SecUserCustomManagerImpl" parent="secUserManagerBase" ></bean>
	
	<bean id="userAppManagerBase" class="com.doublechaintech.his.userapp.UserAppManagerImpl"/>
	<bean id="userAppManager" class="com.doublechaintech.his.userapp.UserAppCustomManagerImpl" parent="userAppManagerBase" ></bean>
	
	<bean id="quickLinkManagerBase" class="com.doublechaintech.his.quicklink.QuickLinkManagerImpl"/>
	<bean id="quickLinkManager" class="com.doublechaintech.his.quicklink.QuickLinkManagerImpl" parent="quickLinkManagerBase" ></bean>
	
	<bean id="listAccessManagerBase" class="com.doublechaintech.his.listaccess.ListAccessManagerImpl"/>
	<bean id="listAccessManager" class="com.doublechaintech.his.listaccess.ListAccessManagerImpl" parent="listAccessManagerBase" ></bean>
	
	<bean id="objectAccessManagerBase" class="com.doublechaintech.his.objectaccess.ObjectAccessManagerImpl"/>
	<bean id="objectAccessManager" class="com.doublechaintech.his.objectaccess.ObjectAccessManagerImpl" parent="objectAccessManagerBase" ></bean>
	
	<bean id="loginHistoryManagerBase" class="com.doublechaintech.his.loginhistory.LoginHistoryManagerImpl"/>
	<bean id="loginHistoryManager" class="com.doublechaintech.his.loginhistory.LoginHistoryManagerImpl" parent="loginHistoryManagerBase" ></bean>
	
	<bean id="genericFormManagerBase" class="com.doublechaintech.his.genericform.GenericFormManagerImpl"/>
	<bean id="genericFormManager" class="com.doublechaintech.his.genericform.GenericFormCustomManagerImpl" parent="genericFormManagerBase" ></bean>
	
	<bean id="formMessageManagerBase" class="com.doublechaintech.his.formmessage.FormMessageManagerImpl"/>
	<bean id="formMessageManager" class="com.doublechaintech.his.formmessage.FormMessageManagerImpl" parent="formMessageManagerBase" ></bean>
	
	<bean id="formFieldMessageManagerBase" class="com.doublechaintech.his.formfieldmessage.FormFieldMessageManagerImpl"/>
	<bean id="formFieldMessageManager" class="com.doublechaintech.his.formfieldmessage.FormFieldMessageManagerImpl" parent="formFieldMessageManagerBase" ></bean>
	
	<bean id="formFieldManagerBase" class="com.doublechaintech.his.formfield.FormFieldManagerImpl"/>
	<bean id="formFieldManager" class="com.doublechaintech.his.formfield.FormFieldManagerImpl" parent="formFieldManagerBase" ></bean>
	
	<bean id="formActionManagerBase" class="com.doublechaintech.his.formaction.FormActionManagerImpl"/>
	<bean id="formActionManager" class="com.doublechaintech.his.formaction.FormActionManagerImpl" parent="formActionManagerBase" ></bean>
	
	<bean id="candidateContainerManagerBase" class="com.doublechaintech.his.candidatecontainer.CandidateContainerManagerImpl"/>
	<bean id="candidateContainerManager" class="com.doublechaintech.his.candidatecontainer.CandidateContainerManagerImpl" parent="candidateContainerManagerBase" ></bean>
	
	<bean id="candidateElementManagerBase" class="com.doublechaintech.his.candidateelement.CandidateElementManagerImpl"/>
	<bean id="candidateElementManager" class="com.doublechaintech.his.candidateelement.CandidateElementManagerImpl" parent="candidateElementManagerBase" ></bean>
	
	<bean id="wechatWorkappIdentifyManagerBase" class="com.doublechaintech.his.wechatworkappidentify.WechatWorkappIdentifyManagerImpl"/>
	<bean id="wechatWorkappIdentifyManager" class="com.doublechaintech.his.wechatworkappidentify.WechatWorkappIdentifyManagerImpl" parent="wechatWorkappIdentifyManagerBase" ></bean>
	
	<bean id="wechatMiniappIdentifyManagerBase" class="com.doublechaintech.his.wechatminiappidentify.WechatMiniappIdentifyManagerImpl"/>
	<bean id="wechatMiniappIdentifyManager" class="com.doublechaintech.his.wechatminiappidentify.WechatMiniappIdentifyManagerImpl" parent="wechatMiniappIdentifyManagerBase" ></bean>
	
	<bean id="treeNodeManagerBase" class="com.doublechaintech.his.treenode.TreeNodeManagerImpl"/>
	<bean id="treeNodeManager" class="com.doublechaintech.his.treenode.TreeNodeCustomManagerImpl" parent="treeNodeManagerBase" ></bean>
	

	<bean id="managerGroupBase" class="com.doublechaintech.his.ManagerGroup">
		<property name="hospitalManager" ref="hospitalManager"/>
		<property name="expenseTypeManager" ref="expenseTypeManager"/>
		<property name="periodManager" ref="periodManager"/>
		<property name="expenseItemManager" ref="expenseItemManager"/>
		<property name="doctorManager" ref="doctorManager"/>
		<property name="departmentManager" ref="departmentManager"/>
		<property name="doctorAssignmentManager" ref="doctorAssignmentManager"/>
		<property name="doctorScheduleManager" ref="doctorScheduleManager"/>
		<property name="mobileAppManager" ref="mobileAppManager"/>
		<property name="pageManager" ref="pageManager"/>
		<property name="pageTypeManager" ref="pageTypeManager"/>
		<property name="slideManager" ref="slideManager"/>
		<property name="uiActionManager" ref="uiActionManager"/>
		<property name="sectionManager" ref="sectionManager"/>
		<property name="userDomainManager" ref="userDomainManager"/>
		<property name="userWhiteListManager" ref="userWhiteListManager"/>
		<property name="secUserManager" ref="secUserManager"/>
		<property name="userAppManager" ref="userAppManager"/>
		<property name="quickLinkManager" ref="quickLinkManager"/>
		<property name="listAccessManager" ref="listAccessManager"/>
		<property name="objectAccessManager" ref="objectAccessManager"/>
		<property name="loginHistoryManager" ref="loginHistoryManager"/>
		<property name="genericFormManager" ref="genericFormManager"/>
		<property name="formMessageManager" ref="formMessageManager"/>
		<property name="formFieldMessageManager" ref="formFieldMessageManager"/>
		<property name="formFieldManager" ref="formFieldManager"/>
		<property name="formActionManager" ref="formActionManager"/>
		<property name="candidateContainerManager" ref="candidateContainerManager"/>
		<property name="candidateElementManager" ref="candidateElementManager"/>
		<property name="wechatWorkappIdentifyManager" ref="wechatWorkappIdentifyManager"/>
		<property name="wechatMiniappIdentifyManager" ref="wechatMiniappIdentifyManager"/>
		<property name="treeNodeManager" ref="treeNodeManager"/>
	</bean>
	<bean id="managerGroup" parent="managerGroupBase"></bean>
	


</beans>















